{
  "total_stations": 1194,
  "stations_with_data": 1194,
  "anomaly_celsius_mean": 0.6667543649673462,
  "anomaly_celsius_std": 1.1844786405563354,
  "anomaly_celsius_min": -11.870617866516113,
  "anomaly_celsius_max": 7.490593433380127,
  "anomaly_celsius_median": 0.6485847234725952,
  "baseline_mean_mean": 4.784633636474609,
  "baseline_mean_std": 4.998682022094727,
  "baseline_mean_min": -9.701037406921387,
  "baseline_mean_max": 22.215944290161133,
  "baseline_mean_median": 4.349892616271973,
  "current_mean_mean": 5.451387882232666,
  "current_mean_std": 4.703139781951904,
  "current_mean_min": -7.395404815673828,
  "current_mean_max": 23.157665252685547,
  "current_mean_median": 5.148301124572754,
  "n_baseline_mean": 275.7579564489112,
  "n_baseline_std": 88.3432261535667,
  "n_baseline_min": 1.0,
  "n_baseline_max": 360.0,
  "n_baseline_median": 309.5,
  "n_current_mean": 303.89028475711893,
  "n_current_std": 74.6846661123137,
  "n_current_min": 6.0,
  "n_current_max": 362.0,
  "n_current_median": 342.0,
  "distance_to_nearest_city_km_mean": 261.9551265085203,
  "distance_to_nearest_city_km_std": 224.3014952378043,
  "distance_to_nearest_city_km_min": 0.17822196484361472,
  "distance_to_nearest_city_km_max": 1125.8102575988057,
  "distance_to_nearest_city_km_median": 196.7703266118219,
  "nearest_city_population_mean": 617958.3283082077,
  "nearest_city_population_std": 707948.1838306524,
  "nearest_city_population_min": 255483.0,
  "nearest_city_population_max": 8405837.0,
  "nearest_city_population_median": 526116.0
}