{
  "total_stations": 1218,
  "stations_with_data": 1218,
  "anomaly_celsius_mean": 1.0132696628570557,
  "anomaly_celsius_std": 0.7473581433296204,
  "anomaly_celsius_min": -2.4444165229797363,
  "anomaly_celsius_max": 3.7619316577911377,
  "anomaly_celsius_median": 1.039485216140747,
  "baseline_mean_mean": 4.505288600921631,
  "baseline_mean_std": 5.0285844802856445,
  "baseline_mean_min": -9.595976829528809,
  "baseline_mean_max": 21.830713272094727,
  "baseline_mean_median": 4.101927757263184,
  "current_mean_mean": 5.518558025360107,
  "current_mean_std": 4.830996513366699,
  "current_mean_min": -8.548139572143555,
  "current_mean_max": 23.189332962036133,
  "current_mean_median": 5.2471113204956055,
  "n_baseline_mean": 353.1486042692939,
  "n_baseline_std": 22.21971598959779,
  "n_baseline_min": 167.0,
  "n_baseline_max": 364.0,
  "n_baseline_median": 360.0,
  "n_current_mean": 359.99343185550083,
  "n_current_std": 0.4585958480895443,
  "n_current_min": 352.0,
  "n_current_max": 364.0,
  "n_current_median": 360.0,
  "distance_to_nearest_city_km_mean": 261.5145503051889,
  "distance_to_nearest_city_km_std": 223.41564911640546,
  "distance_to_nearest_city_km_min": 0.17822196484361472,
  "distance_to_nearest_city_km_max": 1125.8102575988057,
  "distance_to_nearest_city_km_median": 196.7703266118219,
  "nearest_city_population_mean": 628378.8070607553,
  "nearest_city_population_std": 769685.1671877659,
  "nearest_city_population_min": 255483.0,
  "nearest_city_population_max": 8405837.0,
  "nearest_city_population_median": 526116.0
}