{
  "analysis_metadata": {
    "total_stations": 1218,
    "analysis_type": "urban_heat_island_investigation",
    "urban_context_summary": {
      "total_stations": 1218,
      "total_cities": 77,
      "total_urban_areas": 293,
      "urban_core_stations": 26,
      "urban_fringe_stations": 65,
      "urban_stations": 0,
      "suburban_stations": 186,
      "rural_stations": 941,
      "mean_distance_to_city_km": 261.5145503051889,
      "median_distance_to_city_km": 196.7703266118219,
      "min_distance_to_city_km": 0.17822196484361472,
      "max_distance_to_city_km": 1125.8102575988057,
      "city_population_range": {
        "min": 255483,
        "max": 8405837,
        "mean": 735340
      },
      "classification_distribution": {
        "rural": 77.25779967159278,
        "suburban": 15.270935960591133,
        "urban_fringe": 5.336617405582922,
        "urban_core": 2.134646962233169
      }
    }
  },
  "urban_rural_analysis": {
    "statistics_by_classification": {
      "rural": {
        "count": 941,
        "mean": 0.9787798523902893,
        "median": 1.0276947021484375,
        "std": 0.7494938969612122,
        "min": -2.4444165229797363,
        "max": 3.7619316577911377,
        "q25": 0.5146112442016602,
        "q75": 1.4849722385406494
      },
      "suburban": {
        "count": 186,
        "mean": 1.002159595489502,
        "median": 0.9651527404785156,
        "std": 0.6897247433662415,
        "min": -1.5245000123977661,
        "max": 2.7464165687561035,
        "q25": 0.6166129112243652,
        "q75": 1.4355836510658264
      },
      "urban_core": {
        "count": 26,
        "mean": 1.703437328338623,
        "median": 1.7572224140167236,
        "std": 0.6228532195091248,
        "min": 0.1248159408569336,
        "max": 2.7675180435180664,
        "q25": 1.257319450378418,
        "q75": 2.1546387672424316
      },
      "urban_fringe": {
        "count": 65,
        "mean": 1.268300175666809,
        "median": 1.3307042121887207,
        "std": 0.7319592237472534,
        "min": -0.4104442596435547,
        "max": 3.0434165000915527,
        "q25": 0.7227497100830078,
        "q75": 1.8380558490753174
      }
    },
    "urban_vs_rural_comparison": {
      "urban_heat_island_intensity": 0.7246574759483337,
      "uhii_confidence_interval_lower": 0.47584210908313374,
      "uhii_confidence_interval_upper": 0.9734728428135337,
      "urban_mean": 1.703437328338623,
      "rural_mean": 0.9787798523902893,
      "urban_std": 0.6351881623268127,
      "rural_std": 0.74989253282547,
      "urban_count": 26,
      "rural_count": 941,
      "t_test_statistic": 4.878622860248666,
      "t_test_p_value": 1.249118731027102e-06,
      "mannwhitney_u_statistic": 18946.0,
      "mannwhitney_p_value": 1.7695431463839918e-06,
      "cohens_d_effect_size": 0.9699044663973115,
      "statistical_significance": "significant",
      "effect_size_interpretation": "large"
    },
    "total_stations_analyzed": 1218,
    "anomaly_column_analyzed": "anomaly_celsius"
  },
  "distance_gradient_analysis": {
    "binned_analysis": [
      {
        "distance_bin_center": 10.0,
        "distance_bin_min": 0.0,
        "distance_bin_max": 20.0,
        "count": 23,
        "mean": 1.740885853767395,
        "median": 1.8478617668151855,
        "std": 0.651978611946106,
        "std_error": 0.13594693824768722
      },
      {
        "distance_bin_center": 30.0,
        "distance_bin_min": 20.0,
        "distance_bin_max": 40.0,
        "count": 31,
        "mean": 1.4396121501922607,
        "median": 1.4635000228881836,
        "std": 0.6929903030395508,
        "std_error": 0.12446473267904479
      },
      {
        "distance_bin_center": 50.0,
        "distance_bin_min": 40.0,
        "distance_bin_max": 60.0,
        "count": 64,
        "mean": 1.0072935819625854,
        "median": 1.0228888988494873,
        "std": 0.7319425344467163,
        "std_error": 0.09149281680583954
      },
      {
        "distance_bin_center": 70.0,
        "distance_bin_min": 60.0,
        "distance_bin_max": 80.0,
        "count": 79,
        "mean": 1.007973074913025,
        "median": 0.9458889961242676,
        "std": 0.6758578419685364,
        "std_error": 0.0760399480744773
      },
      {
        "distance_bin_center": 90.0,
        "distance_bin_min": 80.0,
        "distance_bin_max": 100.0,
        "count": 80,
        "mean": 1.0545697212219238,
        "median": 0.9956668615341187,
        "std": 0.70206218957901,
        "std_error": 0.07849293901655054
      },
      {
        "distance_bin_center": 110.0,
        "distance_bin_min": 100.0,
        "distance_bin_max": 120.0,
        "count": 91,
        "mean": 1.1006176471710205,
        "median": 1.0853137969970703,
        "std": 0.6652315855026245,
        "std_error": 0.06973521839908815
      },
      {
        "distance_bin_center": 130.0,
        "distance_bin_min": 120.0,
        "distance_bin_max": 140.0,
        "count": 64,
        "mean": 0.6969537734985352,
        "median": 0.7561807632446289,
        "std": 0.7786290645599365,
        "std_error": 0.09732863306999207
      },
      {
        "distance_bin_center": 150.0,
        "distance_bin_min": 140.0,
        "distance_bin_max": 160.0,
        "count": 62,
        "mean": 0.9470064640045166,
        "median": 1.0433845520019531,
        "std": 0.6151849031448364,
        "std_error": 0.07812856082799412
      },
      {
        "distance_bin_center": 170.0,
        "distance_bin_min": 160.0,
        "distance_bin_max": 180.0,
        "count": 64,
        "mean": 0.7808851003646851,
        "median": 0.8442221879959106,
        "std": 0.8274533152580261,
        "std_error": 0.10343166440725327
      },
      {
        "distance_bin_center": 190.0,
        "distance_bin_min": 180.0,
        "distance_bin_max": 200.0,
        "count": 64,
        "mean": 0.8848357200622559,
        "median": 0.9571387767791748,
        "std": 0.7040964365005493,
        "std_error": 0.08801205456256866
      }
    ],
    "correlation_analysis": {
      "pearson_correlation": -0.2119342886770701,
      "pearson_p_value": 9.51654662731061e-08,
      "spearman_correlation": -0.19559129905696204,
      "spearman_p_value": 8.843095893476104e-07
    },
    "linear_regression": {
      "slope": -0.003100748617161556,
      "intercept": 1.3396223018395585,
      "r_squared": 0.04491614271705566,
      "p_value": 9.516546627310019e-08,
      "standard_error": 0.0005742357672315076
    },
    "city_size_analysis": {
      "large_cities": {
        "count_cities": 20,
        "correlation_coefficient": -0.16319005615293103,
        "correlation_p_value": 0.0033176389755644273,
        "stations_analyzed": 322
      },
      "medium_cities": {
        "count_cities": 38,
        "correlation_coefficient": -0.14772660015384764,
        "correlation_p_value": 0.00041673999580293735,
        "stations_analyzed": 567
      }
    },
    "analysis_parameters": {
      "max_distance_km": 200.0,
      "distance_bins": 10,
      "stations_analyzed": 622
    }
  },
  "heat_island_summary": {
    "heat_island_detected": true,
    "intensity_celsius": 0.7246574759483337,
    "statistical_significance": "significant",
    "effect_size": "large",
    "confidence_interval": [
      0.47584210908313374,
      0.9734728428135337
    ]
  },
  "scientific_interpretation": {
    "heat_island_conclusion": "Urban heat island effect detected with intensity of 0.72\u00b0C. The difference between urban and rural temperatures is significant with large effect size.",
    "intensity_assessment": "Weak heat island effect observed.",
    "data_quality_assessment": "Analysis based on 26 urban stations and 941 rural stations. Sample sizes may be limited for statistical power.",
    "spatial_pattern": "Moderate negative correlation suggests measurable heat island influence with distance from urban centers."
  }
}