{
  "total_stations": 1194,
  "stations_with_data": 1194,
  "anomaly_celsius_mean": 0.9387848973274231,
  "anomaly_celsius_std": 1.1645007133483887,
  "anomaly_celsius_min": -11.735018730163574,
  "anomaly_celsius_max": 7.841493606567383,
  "anomaly_celsius_median": 0.9729452133178711,
  "baseline_mean_mean": 4.522795677185059,
  "baseline_mean_std": 5.10752534866333,
  "baseline_mean_min": -10.068889617919922,
  "baseline_mean_max": 22.215944290161133,
  "baseline_mean_median": 4.165225982666016,
  "current_mean_mean": 5.461580753326416,
  "current_mean_std": 4.774261951446533,
  "current_mean_min": -7.510838031768799,
  "current_mean_max": 23.157665252685547,
  "current_mean_median": 5.131454944610596,
  "n_baseline_mean": 275.606365159129,
  "n_baseline_std": 88.29581933102376,
  "n_baseline_min": 1.0,
  "n_baseline_max": 364.0,
  "n_baseline_median": 309.0,
  "n_current_mean": 303.7596314907873,
  "n_current_std": 74.64434821921301,
  "n_current_min": 6.0,
  "n_current_max": 360.0,
  "n_current_median": 342.0,
  "distance_to_nearest_city_km_mean": 261.9551265085203,
  "distance_to_nearest_city_km_std": 224.3014952378043,
  "distance_to_nearest_city_km_min": 0.17822196484361472,
  "distance_to_nearest_city_km_max": 1125.8102575988057,
  "distance_to_nearest_city_km_median": 196.7703266118219,
  "nearest_city_population_mean": 617958.3283082077,
  "nearest_city_population_std": 707948.1838306524,
  "nearest_city_population_min": 255483.0,
  "nearest_city_population_max": 8405837.0,
  "nearest_city_population_median": 526116.0
}