dataset,total_stations,urban_core_stations,suburban_stations,rural_stations,uhii_celsius,urban_mean,rural_mean,urban_count,rural_count,t_test_p_value,statistical_significance,cohens_d,rural_std,suburban_mean,suburban_count,suburban_std,urban_core_mean,urban_core_count,urban_core_std,urban_fringe_mean,urban_fringe_count,urban_fringe_std,uhii_change_from_raw,uhii_percent_change
Raw,1194,25,181,924,0.6621608734130859,1.3500550985336304,0.6878942251205444,25,924,0.004185368801595841,significant,0.5818783372173918,1.1354398727416992,0.37136372923851013,181,1.3595167398452759,1.3500550985336304,25,1.1849390268325806,0.9300354719161987,64,1.121989130973816,0.0,0.0
TOBs Adjusted,1194,25,181,924,0.522177517414093,1.4897271394729614,0.9675496220588684,25,924,0.02235179679608209,significant,0.46376775646215007,1.1215076446533203,0.643852710723877,181,1.3204501867294312,1.4897271394729614,25,1.2389601469039917,1.142387866973877,64,1.0816526412963867,-0.13998335599899292,-21.140384704015116
Fully Adjusted,1218,26,186,941,0.7246574759483337,1.703437328338623,0.9787798523902893,26,941,1.249118731027102e-06,significant,0.9699044663973115,0.7494938969612122,1.002159595489502,186,0.6897247433662415,1.703437328338623,26,0.6228532195091248,1.268300175666809,65,0.7319592237472534,0.0624966025352478,9.438280793172083
